{
    "(10, 5)": 0.3085137085137085,
    "(20, 5)": 0.5214388785817358,
    "(30, 5)": 0.5922490208204494,
    "(40, 5)": 0.6430632859204287,
    "(50, 5)": 0.6815089672232529,
    "(60, 5)": 0.6753865182436611,
    "(70, 5)": 0.6978561121418265,
    "(80, 5)": 0.7078952793238507,
    "(90, 5)": 0.715873015873016,
    "(100, 5)": 0.738404452690167,
    "(110, 5)": 0.7383426097711812,
    "(120, 5)": 0.7443826015254587,
    "(130, 5)": 0.732137703566275,
    "(140, 5)": 0.7505462791177078,
    "(150, 5)": 0.7524634096062667,
    "(160, 5)": 0.7566068851783136,
    "(170, 5)": 0.7524015666872811,
    "(180, 5)": 0.7444444444444445,
    "(190, 5)": 0.7382395382395384,
    "(200, 5)": 0.7443001443001442,
    "(210, 5)": 0.744465058750773,
    "(220, 5)": 0.7343640486497629,
    "(230, 5)": 0.726077097505669,
    "(240, 5)": 0.7059163059163059,
    "(250, 5)": 0.6936714079571222,
    "(260, 5)": 0.6774685631828488,
    "(270, 5)": 0.6835910121624407,
    "(280, 5)": 0.673469387755102,
    "(290, 5)": 0.6307771593485879,
    "(300, 5)": 0.6024531024531024
}