{
    "(10, 5)": 0.31674991674991676,
    "(20, 5)": 0.518081918081918,
    "(30, 5)": 0.5670995670995671,
    "(40, 5)": 0.6470862470862471,
    "(50, 5)": 0.6547452547452547,
    "(60, 5)": 0.6985347985347985,
    "(70, 5)": 0.7035631035631036,
    "(80, 5)": 0.6983682983682984,
    "(90, 5)": 0.7064269064269064,
    "(100, 5)": 0.7268065268065268,
    "(110, 5)": 0.7088245088245089,
    "(120, 5)": 0.7010656010656011,
    "(130, 5)": 0.7346986346986347,
    "(140, 5)": 0.7526140526140527,
    "(150, 5)": 0.7270063270063271,
    "(160, 5)": 0.7063936063936065,
    "(170, 5)": 0.7034299034299034,
    "(180, 5)": 0.6906759906759907,
    "(190, 5)": 0.7036297036297036,
    "(200, 5)": 0.6957375957375957,
    "(210, 5)": 0.6856809856809857,
    "(220, 5)": 0.6599067599067598,
    "(230, 5)": 0.6187812187812187,
    "(240, 5)": 0.6083916083916084,
    "(250, 5)": 0.5693639693639694,
    "(260, 5)": 0.5824508824508825,
    "(270, 5)": 0.5078255078255077,
    "(280, 5)": 0.39427239427239436,
    "(290, 5)": 0.3093573093573093,
    "(300, 5)": 0.12127872127872127
}